id,citation,link
"Smedja._Lindu,_Sulawesi._Indonesien_-_SMVK_-_000203","Kaudern, Walter. ""Smedja."" July 1918. Photograph, 000203. Walter Kauderns expedition till Celebes (1917–1921), Världskulturmuseet (Museum of World Culture), Gothenburg. https://collections.smvk.se/carlotta-vkm/web/object/1319158.","https://commons.wikimedia.org/wiki/File:Smedja._Lindu,_Sulawesi._Indonesien_-_SMVK_-_000203.tif"
Dans_bland_infödingarna_i_Kollawi._Yttre_halvcirkel_i_s.k._moraego-dans._Samma_bild_publ._av_-_SMVK_-_010732,"Kaudern, Walter. ""Dans bland infödingarna i Kollawi. Yttre halvcirkel i s.k. moraego-dans."" 1918. Photograph, 010732. Walter Kauderns expedition till Celebes (1917–1921), Världskulturmuseet (Museum of World Culture), Gothenburg. https://collections.smvk.se/carlotta-vkm/web/object/112319.",https://commons.wikimedia.org/wiki/File:Dans_bland_inf%C3%B6dingarna_i_Kollawi._Yttre_halvcirkel_i_s.k._moraego-dans._Samma_bild_publ._av_-_SMVK_-_010732.tif
"Moraego-dans_vid_pasanggrahan._Kulawi,_Sulawesi._Indonesien_-_SMVK_-_010731","Kaudern, Walter. ""Moraego-dans vid pasanggrahan."" August 1918. Photograph, 010731. Walter Kauderns expedition till Celebes (1917–1921), Världskulturmuseet (Museum of World Culture), Gothenburg. https://collections.smvk.se/carlotta-vkm/web/object/1885827.","https://commons.wikimedia.org/wiki/File:Moraego-dans_vid_pasanggrahan._Kulawi,_Sulawesi._Indonesien_-_SMVK_-_010731.tif"
"Koelawi,_Paloe,_Mellan-Celebes,_Celebes._Moraego-dans._Kulawi,_Sulawesi._Indonesien_-_SMVK_-_010734c","Kaudern, Walter. ""Moraego-dans."" August 1918. Lantern slide, 010734c. Walter Kauderns expedition till Celebes (1917–1921), Världskulturmuseet (Museum of World Culture), Gothenburg. https://collections.smvk.se/carlotta-vkm/web/object/2559446.","https://commons.wikimedia.org/wiki/File:Koelawi,_Paloe,_Mellan-Celebes,_Celebes._Moraego-dans._Kulawi,_Sulawesi._Indonesien_-_SMVK_-_010734c.tif"
"Moraego-dans._Kulawi,_Sulawesi._Indonesien_-_SMVK_-_010734d","Kaudern, Walter. ""Moraego-dans."" August 1918. Photograph, 010734d. Walter Kauderns expedition till Celebes (1917–1921), Världskulturmuseet (Museum of World Culture), Gothenburg. https://collections.smvk.se/carlotta-vkm/web/object/2559447.","https://commons.wikimedia.org/wiki/File:Moraego-dans._Kulawi,_Sulawesi._Indonesien_-_SMVK_-_010734d.tif"
"Infödingsdans,_s.k._moraego_vid_pasanggahan._Kollawi._Kulawi,_Sulawesi._Indonesien_-_SMVK_-_010736b","Kaudern, Walter. ""Infödingsdans, s.k. moraego vid pasanggahan. Kollawi."" August 1918. Photograph, 010736b. Walter Kauderns expedition till Celebes (1917–1921), Världskulturmuseet (Museum of World Culture), Gothenburg. https://collections.smvk.se/carlotta-vkm/web/object/112323.","https://commons.wikimedia.org/wiki/File:Inf%C3%B6dingsdans,_s.k._moraego_vid_pasanggahan._Kollawi._Kulawi,_Sulawesi._Indonesien_-_SMVK_-_010736b.tif"
"Begravning_i_Kantewoe._Lokal,_Central-Celebes_Sciopt.,_1703_Publ.,_Kaudern_I_Celebes_obyggder_-_SMVK_-_000318","Kaudern, Walter. ""Maradika-begravning."" September 1918. Photograph, 000318. Walter Kauderns expedition till Celebes (1917–1921), Världskulturmuseet (Museum of World Culture), Gothenburg. https://collections.smvk.se/carlotta-vkm/web/object/113367.","https://commons.wikimedia.org/wiki/File:Begravning_i_Kantewoe._Lokal,_Central-Celebes_Sciopt.,_1703_Publ.,_Kaudern_I_Celebes_obyggder_-_SMVK_-_000318.tif"
"Skolbarn_med_sin_lärare_(en_minahassare)._Lindoe,_Paloe,_Mellan-Celebes,_Celebes._Sulawesi,_Lindu_-_SMVK_-_000185","Kaudern, Walter. ""Skolbarn med sin lärare (en minahassare)."" January 1919. Photograph, 000185. Walter Kauderns expedition till Celebes (1917–1921), Världskulturmuseet (Museum of World Culture), Gothenburg. https://collections.smvk.se/carlotta-vkm/web/object/113638.","https://commons.wikimedia.org/wiki/File:Skolbarn_med_sin_l%C3%A4rare_(en_minahassare)._Lindoe,_Paloe,_Mellan-Celebes,_Celebes._Sulawesi,_Lindu_-_SMVK_-_000185.tif"
Veterinär_inspekterar_bufflarna._T.v_-_SMVK_-_010738b,"Kaudern, Walter. ""Veterinär inspekterar bufflarna."" May 1919. Photograph, 010738b. Walter Kauderns expedition till Celebes (1917–1921), Världskulturmuseet (Museum of World Culture), Gothenburg. https://collections.smvk.se/carlotta-vkm/web/object/113476.",https://commons.wikimedia.org/wiki/File:Veterin%C3%A4r_inspekterar_bufflarna._T.v_-_SMVK_-_010738b.tif
Vattenledning_kallad_pantjoeran._Bäck-_och_flodvattnet_leddes_i_bamburör_och_användes_vid_badning_-_SMVK_-_000349,"Kaudern, Walter. ""Vattenledning kallad pantjoeran."" 1919. Photograph, 000349. Walter Kauderns expedition till Celebes (1917–1921), Världskulturmuseet (Museum of World Culture), Gothenburg. https://collections.smvk.se/carlotta-vkm/web/object/113626.",https://commons.wikimedia.org/wiki/File:Vattenledning_kallad_pantjoeran._B%C3%A4ck-_och_flodvattnet_leddes_i_bambur%C3%B6r_och_anv%C3%A4ndes_vid_badning_-_SMVK_-_000349.tif
Småbarn._Kantewoe._Indonesien_-_SMVK_-_000363,"Kaudern, Walter. ""Småbarn."" 1918. Photograph, 000363. Walter Kauderns expedition till Celebes (1917–1921), Världskulturmuseet (Museum of World Culture), Gothenburg. https://collections.smvk.se/carlotta-vkm/web/object/113003.",https://commons.wikimedia.org/wiki/File:Sm%C3%A5barn._Kantewoe._Indonesien_-_SMVK_-_000363.tif
"Tole-flickan_Ega_och_hennes_väninnor._Kulawi,_Sulawesi._Indonesien_-_SMVK_-_000249","Kaudern, Walter. ""Tole-flickan Ega och hennes väninnor."" July 1918. Photograph, 000249. Walter Kauderns expedition till Celebes (1917–1921), Världskulturmuseet (Museum of World Culture), Gothenburg. https://collections.smvk.se/carlotta-vkm/web/object/113002.","https://commons.wikimedia.org/wiki/File:Tole-flickan_Ega_och_hennes_v%C3%A4ninnor._Kulawi,_Sulawesi._Indonesien_-_SMVK_-_000249.tif"
Vedbärerskor._Sulawesi._Indonesien_-_SMVK_-_000194,"Kaudern, Walter. ""Vedbärerskor."" January 1919. Photograph, 000194. Walter Kauderns expedition till Celebes (1917–1921), Världskulturmuseet (Museum of World Culture), Gothenburg. https://collections.smvk.se/carlotta-vkm/web/object/1897469.",https://commons.wikimedia.org/wiki/File:Vedb%C3%A4rerskor._Sulawesi._Indonesien_-_SMVK_-_000194.tif
Överkanten_av_en_arkeologisk_kalamba._Badankaja._Indonesien_-_SMVK_-_010647,"Kaudern, Walter. ""Nersjunket stenkar (kalamba)."" December 1918. Photograph, 010647. Walter Kauderns expedition till Celebes (1917–1921), Världskulturmuseet (Museum of World Culture), Gothenburg. https://collections.smvk.se/carlotta-vkm/web/object/113598.",https://commons.wikimedia.org/wiki/File:%C3%96verkanten_av_en_arkeologisk_kalamba._Badankaja._Indonesien_-_SMVK_-_010647.tif
Den_forne_furstens_av_Pipikoro_bostad_i_Peana._Framtill_är_rest_en_woentja-stång_av_bambu_-_SMVK_-_000331,"Kaudern, Walter. ""Maradika Malolo's hus."" October 1918. Photograph, 000331. Walter Kauderns expedition till Celebes (1917–1921), Världskulturmuseet (Museum of World Culture), Gothenburg. https://collections.smvk.se/carlotta-vkm/web/object/112328.",https://commons.wikimedia.org/wiki/File:Den_forne_furstens_av_Pipikoro_bostad_i_Peana._Framtill_%C3%A4r_rest_en_woentja-st%C3%A5ng_av_bambu_-_SMVK_-_000331.tif
Moské._Fyra_män_står_framför._Sulawesi._Indonesien_-_SMVK_-_000310,"Kaudern, Walter. ""Moské. Fyra män står framför."" September 1917. Photograph, 000310. Walter Kauderns expedition till Celebes (1917–1921), Världskulturmuseet (Museum of World Culture), Gothenburg. https://collections.smvk.se/carlotta-vkm/web/object/1898155.",https://commons.wikimedia.org/wiki/File:Mosk%C3%A9._Fyra_m%C3%A4n_st%C3%A5r_framf%C3%B6r._Sulawesi._Indonesien_-_SMVK_-_000310.tif
"Bytempel_(lobo)._Walter_Kaudern,_Structures_and_settlements_in_Central_Celebes._ESC_I._Gbg_1925_-_SMVK_-_010821b","Kaudern, Walter. ""Bytempel (lobo)."" June 1918. Photograph, 010821b. Walter Kauderns expedition till Celebes (1917–1921), Världskulturmuseet (Museum of World Culture), Gothenburg. https://collections.smvk.se/carlotta-vkm/web/object/113372.","https://commons.wikimedia.org/wiki/File:Bytempel_(lobo)._Walter_Kaudern,_Structures_and_settlements_in_Central_Celebes._ESC_I._Gbg_1925_-_SMVK_-_010821b.tif"
"Hus_och_två_risbodar_i_Lindoe._Byn_Tomado,_Lindoe,_Paloe,_Central-Celebes._Lindu,_Sulawesi_-_SMVK_-_000225","Kaudern, Walter. ""Motiv: hus och risbodar i byn Tomado."" July 1918. Photograph, 000225. Walter Kauderns expedition till Celebes (1917–1921), Världskulturmuseet (Museum of World Culture), Gothenburg. https://collections.smvk.se/carlotta-vkm/web/object/113635.","https://commons.wikimedia.org/wiki/File:Hus_och_tv%C3%A5_risbodar_i_Lindoe._Byn_Tomado,_Lindoe,_Paloe,_Central-Celebes._Lindu,_Sulawesi_-_SMVK_-_000225.tif"
"Hus_och_två_risbodar_i_Lindoe._Byn_Tomado,_Lindoe,_Paloe,_Central-Celebes._Lindu,_Sulawesi_-_SMVK_-_000225","Kaudern, Walter. ""Hus i byn Baggakoro och floden Koro vid Baggakoro."" December 1918. Photograph, 010652. Walter Kauderns expedition till Celebes (1917–1921), Världskulturmuseet (Museum of World Culture), Gothenburg. https://collections.smvk.se/carlotta-vkm/web/object/1302761.","https://commons.wikimedia.org/wiki/File:Hus_i_byn_Baggakoro_och_floden_Koro_vid_Baggakoro,_(2_fotos)_Lokal,_Baggakoro_Central-Celebes_-_SMVK_-_010652.tif"
Den_obebodda_byn_Poraelea_i_Tole._Byscen._Sulawesi._Indonesien_-_SMVK_-_000242,"Kaudern, Walter. ""Den obebodda byn Poraelea i Tole."" 1918. Photograph, 000242. Walter Kauderns expedition till Celebes (1917–1921), Världskulturmuseet (Museum of World Culture), Gothenburg. https://collections.smvk.se/carlotta-vkm/web/object/113373.",https://commons.wikimedia.org/wiki/File:Den_obebodda_byn_Poraelea_i_Tole._Byscen._Sulawesi._Indonesien_-_SMVK_-_000242.tif
"De_Groots_hus._Datum,_1919._Ort,_Loewoek,_Ost-Celebes._Luwuk._Indonesien_-_SMVK_-_022187","Kaudern, Walter. ""De Groots hus."" 1919. Photograph, 022187. Walter Kauderns expedition till Celebes (1917–1921), Världskulturmuseet (Museum of World Culture), Gothenburg. https://collections.smvk.se/carlotta-vkm/web/object/1319192.","https://commons.wikimedia.org/wiki/File:De_Groots_hus._Datum,_1919._Ort,_Loewoek,_Ost-Celebes._Luwuk._Indonesien_-_SMVK_-_022187.tif"
"Risfält_nedanför_byn_just_då_plantorna_satts_ut._Byn_Soengkoe,_Koelawi,_Central-Celebes_-_SMVK_-_010896","Kaudern, Walter. ""Risfält nedanför byn just då plantorna satts ut."" June 1918. Photograph, 010896. Walter Kauderns expedition till Celebes (1917–1921), Världskulturmuseet (Museum of World Culture), Gothenburg. https://collections.smvk.se/carlotta-vkm/web/object/113362.","https://commons.wikimedia.org/wiki/File:Risf%C3%A4lt_nedanf%C3%B6r_byn_just_d%C3%A5_plantorna_satts_ut._Byn_Soengkoe,_Koelawi,_Central-Celebes_-_SMVK_-_010896.tif"
"Hus_i_byn_Baggakoro_och_floden_Koro_vid_Baggakoro,_(2_fotos)_Lokal,_Baggakoro._Fotoggraf,_gm_-_SMVK_-_010652b","Kaudern, Walter. [Untitled landscape: river, shore, jungle]. December 1918. Photograph, 010652b. Walter Kauderns expedition till Celebes (1917–1921), Världskulturmuseet (Museum of World Culture), Gothenburg. https://collections.smvk.se/carlotta-vkm/web/object/113226.","https://commons.wikimedia.org/wiki/File:Hus_i_byn_Baggakoro_och_floden_Koro_vid_Baggakoro,_(2_fotos)_Lokal,_Baggakoro._Fotoggraf,_gm_-_SMVK_-_010652b.tif"
De_dödas_port_i_floden_Makaj_nedom_Kantewoe._Sulawesi._Indonesien_-_SMVK_-_010789,"Kaudern, Walter. ""'De dödas port' i floden Makaj nedom Kantewoe."" September 1918. Photograph, 010789. Walter Kauderns expedition till Celebes (1917–1921), Världskulturmuseet (Museum of World Culture), Gothenburg. https://collections.smvk.se/carlotta-vkm/web/object/1904085.",https://commons.wikimedia.org/wiki/File:De_d%C3%B6das_port_i_floden_Makaj_nedom_Kantewoe._Sulawesi._Indonesien_-_SMVK_-_010789.tif
Lindoesjön_sedd_från_Lindoeön_med_Ngilalaki_i_bakgrunden._Sulawesi._Indonesien_-_SMVK_-_000202,"Kaudern, Walter. ""Lindoesjön sedd från Lindoeön med Ngilalaki i bakgrunden."" 1918. Photograph, 000202. Walter Kauderns expedition till Celebes (1917–1921), Världskulturmuseet (Museum of World Culture), Gothenburg. https://collections.smvk.se/carlotta-vkm/web/object/113227.",https://commons.wikimedia.org/wiki/File:Lindoesj%C3%B6n_sedd_fr%C3%A5n_Lindoe%C3%B6n_med_Ngilalaki_i_bakgrunden._Sulawesi._Indonesien_-_SMVK_-_000202.tif
"Båtar_i_hamnen._Buton,_Sulawesi._Indonesien_-_SMVK_-_000219","Kaudern, Walter. ""Båtar i hamnen."" 1920. Photograph, 000219. Walter Kauderns expedition till Celebes (1917–1921), Världskulturmuseet (Museum of World Culture), Gothenburg. https://collections.smvk.se/carlotta-vkm/web/object/113622.","https://commons.wikimedia.org/wiki/File:B%C3%A5tar_i_hamnen._Buton,_Sulawesi._Indonesien_-_SMVK_-_000219.tif"
"Segelfartyg,_en_s.k._sopek._En_badjoresbåt,_utanför_Banggaai,_Ö._om_Celebes,_Poso_-_SMVK_-_000181","Kaudern, Walter. [Untitled: sailing vessel, boat]. 1920. Photograph, 000181. Walter Kauderns expedition till Celebes (1917–1921), Världskulturmuseet (Museum of World Culture), Gothenburg. https://collections.smvk.se/carlotta-vkm/web/object/113441.","https://commons.wikimedia.org/wiki/File:Segelfartyg,_en_s.k._sopek._En_badjoresb%C3%A5t,_utanf%C3%B6r_Banggaai,_%C3%96._om_Celebes,_Poso_-_SMVK_-_000181.tif"
Kanoter_vid_stranden._Sulawesi._Indonesien_-_SMVK_-_000294,"Kaudern, Walter. ""Kanoter vid stranden."" September 1917. Photograph, 000294. Walter Kauderns expedition till Celebes (1917–1921), Världskulturmuseet (Museum of World Culture), Gothenburg. https://collections.smvk.se/carlotta-vkm/web/object/113509.",https://commons.wikimedia.org/wiki/File:Kanoter_vid_stranden._Sulawesi._Indonesien_-_SMVK_-_000294.tif
"Det_inre_av_bytemplet_(lobo)._Tamoengkolowi,_huvudbyn_Tikala,_Paloe,_Mellan-Celebes._Sulawesi_-_SMVK_-_1993D","Kaudern, Walter. [Untitled: temple interior]. 1918. Photograph, 1993D. Walter Kauderns expedition till Celebes (1917–1921), Världskulturmuseet (Museum of World Culture), Gothenburg. https://collections.smvk.se/carlotta-vkm/web/object/113657.","https://commons.wikimedia.org/wiki/File:Det_inre_av_bytemplet_(lobo)._Tamoengkolowi,_huvudbyn_Tikala,_Paloe,_Mellan-Celebes._Sulawesi_-_SMVK_-_1993D.tif"
"Makarna_Kauderns_etnografiska_utställn._nyåret_1918._Menado,_Sulawesi,_Kabupaten_Bolaang_Mongondow_-_SMVK_-_022206","Kaudern, Walter. ""Makarna Kauderns etnografiska utställn. nyåret 1918."" January 1918. Photograph, 022206. Walter Kauderns expedition till Celebes (1917–1921), Världskulturmuseet (Museum of World Culture), Gothenburg. https://collections.smvk.se/carlotta-vkm/web/object/113530.","https://commons.wikimedia.org/wiki/File:Makarna_Kauderns_etnografiska_utst%C3%A4lln._ny%C3%A5ret_1918._Menado,_Sulawesi,_Kabupaten_Bolaang_Mongondow_-_SMVK_-_022206.tif"
"Makarna_Kauderns_etnografiska_utställn._nyåret_1918._Kabupaten_Bolaang_Mongondow,_Sulawesi,_Menado_-_SMVK_-_010678","Kaudern, Walter. ""Makarna Kauderns etnografiska utställning nyåret 1918."" January 1918. Photograph, 010678. Walter Kauderns expedition till Celebes (1917–1921), Världskulturmuseet (Museum of World Culture), Gothenburg. https://collections.smvk.se/carlotta-vkm/web/object/113527.","https://commons.wikimedia.org/wiki/File:Makarna_Kauderns_etnografiska_utst%C3%A4lln._ny%C3%A5ret_1918._Kabupaten_Bolaang_Mongondow,_Sulawesi,_Menado_-_SMVK_-_010678.tif"
"Coffea_robusta,_blommande_och_fruktbärande_grenar._Modajag._Indonesien_-_SMVK_-_022163","Kaudern, Walter. [Untitled: coffee bush, berry, flower, leaf]. September 1917. Photograph, 022163. Walter Kauderns expedition till Celebes (1917–1921), Världskulturmuseet (Museum of World Culture), Gothenburg. https://collections.smvk.se/carlotta-vkm/web/object/1319168.","https://commons.wikimedia.org/wiki/File:Coffea_robusta,_blommande_och_fruktb%C3%A4rande_grenar._Modajag._Indonesien_-_SMVK_-_022163.tif"
"Skolbyn_i_Lindoe._(Mellersta_byn)._Foto,_Missionär_O._Strandlund._Paloe._Indonesien_-_SMVK_-_010919","Strandlund, Olof. ""Skolbyn i Lindoe (Mellersta byn)."" 1923. Photograph, 010919. Walter Kauderns expedition till Celebes (1917–1921), Världskulturmuseet (Museum of World Culture), Gothenburg. https://collections.smvk.se/carlotta-vkm/web/object/1887669.","https://commons.wikimedia.org/wiki/File:Skolbyn_i_Lindoe._(Mellersta_byn)._Foto,_Mission%C3%A4r_O._Strandlund._Paloe._Indonesien_-_SMVK_-_010919.tif"
"Byscen._I_bakgrunden_bytemplet_(lobo)._Lokal,_Celebes._Mellan-Celebes,_Paloe._Kantewoe._Er_-_SMVK_-_013332","Strandlund, Olof. [Untitled: house, person, portrait, temple]. 1936. Photograph, 013332. Världskulturmuseet (Museum of World Culture), Gothenburg. https://collections.smvk.se/carlotta-vkm/web/object/1306130.","https://commons.wikimedia.org/wiki/File:Byscen._I_bakgrunden_bytemplet_(lobo)._Lokal,_Celebes._Mellan-Celebes,_Paloe._Kantewoe._Er_-_SMVK_-_013332.tif"
"Byn_Kantewoe_utsikt_mot_väster_från_stenen._Lokal,_Kantewoe,_Central-celebes._Fotograf,_Missionär_O_-_SMVK_-_010910","Strandlund, Olof. ""Byn Kantewoe utsikt mot väster från stenen."" 1935. Photograph, 010910. Världskulturmuseet (Museum of World Culture), Gothenburg. https://collections.smvk.se/carlotta-vkm/web/object/1304414.","https://commons.wikimedia.org/wiki/File:Byn_Kantewoe_utsikt_mot_v%C3%A4ster_fr%C3%A5n_stenen._Lokal,_Kantewoe,_Central-celebes._Fotograf,_Mission%C3%A4r_O_-_SMVK_-_010910.tif"
"Bolapapoe,_Koelawis_huvudby._(se_vidare_textkort)._Lokal,_Bolapapoe,_Koelawi,_Central-celebes_-_SMVK_-_010908","Strandlund, Olof. ""Bolapapoe, Koelawis huvudby."" 1935. Photograph, 010908. Världskulturmuseet (Museum of World Culture), Gothenburg. https://collections.smvk.se/carlotta-vkm/web/object/1304412.","https://commons.wikimedia.org/wiki/File:Bolapapoe,_Koelawis_huvudby._(se_vidare_textkort)._Lokal,_Bolapapoe,_Koelawi,_Central-celebes_-_SMVK_-_010908.tif"
"Kantewoe._(1933)._Paloe,_Kantewu,_Kantewoe._Indonesien_-_SMVK_-_013335","Strandlund, Olof. ""Kantewoe."" 1933. Photograph, 013335. Världskulturmuseet (Museum of World Culture), Gothenburg. https://collections.smvk.se/carlotta-vkm/web/object/1306132.","https://commons.wikimedia.org/wiki/File:Kantewoe._(1933)._Paloe,_Kantewu,_Kantewoe._Indonesien_-_SMVK_-_013335.tif"
"Ny_by_där_en_smedja_låg_under_Dr._Kauderns._expedition._Lokal,_Kantewoe,_Central-celebes_-_SMVK_-_010911","Strandlund, Olof. [Untitled: landscape, mountain, village, palms, trees, houses, thatched roofs, road, path]. 1935. Photograph, 010911. Världskulturmuseet (Museum of World Culture), Gothenburg. https://collections.smvk.se/carlotta-vkm/web/object/1304415.","https://commons.wikimedia.org/wiki/File:Ny_by_d%C3%A4r_en_smedja_l%C3%A5g_under_Dr._Kauderns._expedition._Lokal,_Kantewoe,_Central-celebes_-_SMVK_-_010911.tif"
"Bebyggelsemotiv._Lokal,_Kaperoi,_Palolo._Öster_om_Paloedalen,_Central-celebes_-_SMVK_-_010923","Strandlund, Olof. [Untitled: landscape, mountain, forest, palms, houses, huts, roofs, fence, path]. 1919. Photograph, 010923. Världskulturmuseet (Museum of World Culture), Gothenburg. https://collections.smvk.se/carlotta-vkm/web/object/1304417.","https://commons.wikimedia.org/wiki/File:Bebyggelsemotiv._Lokal,_Kaperoi,_Palolo._%C3%96ster_om_Paloedalen,_Central-celebes_-_SMVK_-_010923.tif"
"Bolapapoe,_Koelawis_huvudby._(se_vidare_textkort)._Lokal,_Bolapapoe,_Koelawi,_Central-celebes_-_SMVK_-_010908b","Strandlund, Olof. ""Bolapapoe, Koelawis huvudby."" 1935. Photograph, 010908b. Världskulturmuseet (Museum of World Culture), Gothenburg. https://collections.smvk.se/carlotta-vkm/web/object/2559461.","https://commons.wikimedia.org/wiki/File:Bolapapoe,_Koelawis_huvudby._(se_vidare_textkort)._Lokal,_Bolapapoe,_Koelawi,_Central-celebes_-_SMVK_-_010908b.tif"
"Kantewoe,_Central-Celebes._Adjutant_och_fru_Woodward_bland_infödingar._Kantewoe._Indonesien_-_SMVK_-_1573D","Strandlund, Olof. ""Adjutant och fru Woodward bland infödingar."" 1921. Photograph, 1573D. Världskulturmuseet (Museum of World Culture), Gothenburg. https://collections.smvk.se/carlotta-vkm/web/object/113237.","https://commons.wikimedia.org/wiki/File:Kantewoe,_Central-Celebes._Adjutant_och_fru_Woodward_bland_inf%C3%B6dingar._Kantewoe._Indonesien_-_SMVK_-_1573D.tif"
Frälsningsarmén_håller_friluftsmöte._Sulawesi._Indonesien_-_SMVK_-_1574D,"Strandlund, Olof. ""Frälsningsarmén håller friluftsmöte."" ca. 1916–1920. Photograph, 1574D. Världskulturmuseet (Museum of World Culture), Gothenburg. https://collections.smvk.se/carlotta-vkm/web/object/113238.",https://commons.wikimedia.org/wiki/File:Fr%C3%A4lsningsarm%C3%A9n_h%C3%A5ller_friluftsm%C3%B6te._Sulawesi._Indonesien_-_SMVK_-_1574D.tif
Frälsningsarméns_skola._Sulawesi._Indonesien_-_SMVK_-_010922,"Strandlund, Olof. ""Frälsningsarméns skola."" 1951. Photograph, 010922. Världskulturmuseet (Museum of World Culture), Gothenburg. https://collections.smvk.se/carlotta-vkm/web/object/113402.",https://commons.wikimedia.org/wiki/File:Fr%C3%A4lsningsarm%C3%A9ns_skola._Sulawesi._Indonesien_-_SMVK_-_010922.tif
Infödingar_i_byn_Birro._Europeerna_närmast_kameran_äro_finnen_E._Rosenlund_och_engelsmannen_L_-_SMVK_-_010920,"Strandlund, Olof. ""Infödingar i byn Birro."" 1919. Photograph, 010920. Världskulturmuseet (Museum of World Culture), Gothenburg. https://collections.smvk.se/carlotta-vkm/web/object/1887670.",https://commons.wikimedia.org/wiki/File:Inf%C3%B6dingar_i_byn_Birro._Europeerna_n%C3%A4rmast_kameran_%C3%A4ro_finnen_E._Rosenlund_och_engelsmannen_L_-_SMVK_-_010920.tif
Flickor_från_Koelawi._Kulawi._Indonesien_-_SMVK_-_010904,"Strandlund, Olof. ""Flickor från Koelawi."" 1936. Photograph, 010904. Världskulturmuseet (Museum of World Culture), Gothenburg. https://collections.smvk.se/carlotta-vkm/web/object/1887663.",https://commons.wikimedia.org/wiki/File:Flickor_fr%C3%A5n_Koelawi._Kulawi._Indonesien_-_SMVK_-_010904.tif
"Byn_Kantewoe_motiv_mitt_inne_i_byn._Lokal,_Kantewoe,_Central-celebes._Fotograf,_Missionär_O_-_SMVK_-_010909","Strandlund, Olof. ""Byn Kantewoe motiv mitt inne i byn."" 1935. Photograph, 010909. Världskulturmuseet (Museum of World Culture), Gothenburg. https://collections.smvk.se/carlotta-vkm/web/object/1304413.","https://commons.wikimedia.org/wiki/File:Byn_Kantewoe_motiv_mitt_inne_i_byn._Lokal,_Kantewoe,_Central-celebes._Fotograf,_Mission%C3%A4r_O_-_SMVK_-_010909.tif"
"Hus_i_Koelawi._(1914)_Lokal,_Celebes._Mellan-Celebes,_Paloe._Koelawi._Paloe._Indonesien_-_SMVK_-_013336","Strandlund, Olof. ""Hus i Koelawi."" 1914. Photograph, 013336. Världskulturmuseet (Museum of World Culture), Gothenburg. https://collections.smvk.se/carlotta-vkm/web/object/1306133.","https://commons.wikimedia.org/wiki/File:Hus_i_Koelawi._(1914)_Lokal,_Celebes._Mellan-Celebes,_Paloe._Koelawi._Paloe._Indonesien_-_SMVK_-_013336.tif"
"Förnämt_folk_jämte_goeroen._I_bakgrunden_toppen_Kawean_Bitocon._Poso,_Banggaai,_Sulawesi_-_SMVK_-_000291","Kaudern, Walter. ""Förnämt folk jämte goeroen."" December 1919. Photograph, 000291. Walter Kauderns expedition till Celebes (1917–1921), Världskulturmuseet (Museum of World Culture), Gothenburg. https://collections.smvk.se/carlotta-vkm/web/object/113486.","https://commons.wikimedia.org/wiki/File:F%C3%B6rn%C3%A4mt_folk_j%C3%A4mte_goeroen._I_bakgrunden_toppen_Kawean_Bitocon._Poso,_Banggaai,_Sulawesi_-_SMVK_-_000291.tif"
"Behoakvinnor_i_högtidskläder_på_besök_i_Koelawi._Foto_bakifrån._Kulawi,_Sulawesi._Indonesien_-_SMVK_-_000170","Kaudern, Walter. ""Behoakvinnor i högtidskläder på besök i Koelawi."" 1918. Photograph, 000170. Walter Kauderns expedition till Celebes (1917–1921), Världskulturmuseet (Museum of World Culture), Gothenburg. https://collections.smvk.se/carlotta-vkm/web/object/113007.","https://commons.wikimedia.org/wiki/File:Behoakvinnor_i_h%C3%B6gtidskl%C3%A4der_p%C3%A5_bes%C3%B6k_i_Koelawi._Foto_bakifr%C3%A5n._Kulawi,_Sulawesi._Indonesien_-_SMVK_-_000170.tif"
"Tole-flickor_från_Simpoe,_klädda_i_basttygskläder._Framsida._Obs_-_SMVK_-_010724","Kaudern, Walter. ""Tole-flickor från Simpoe, klädda i basttygskläder."" 1918. Photograph, 010724. Walter Kauderns expedition till Celebes (1917–1921), Världskulturmuseet (Museum of World Culture), Gothenburg. https://collections.smvk.se/carlotta-vkm/web/object/112329.","https://commons.wikimedia.org/wiki/File:Tole-flickor_fr%C3%A5n_Simpoe,_kl%C3%A4dda_i_basttygskl%C3%A4der._Framsida._Obs_-_SMVK_-_010724.tif"
"Adlig_flicka_i_blå_och_vit_kjol_med_huvudband_av_pärlor._Kulawi,_Sulawesi._Indonesien_-_SMVK_-_000233","Kaudern, Walter. ""Adlig flicka i blå och vit kjol med huvudband av pärlor."" June 1918. Photograph, 000233. Walter Kauderns expedition till Celebes (1917–1921), Världskulturmuseet (Museum of World Culture), Gothenburg. https://collections.smvk.se/carlotta-vkm/web/object/112999.","https://commons.wikimedia.org/wiki/File:Adlig_flicka_i_bl%C3%A5_och_vit_kjol_med_huvudband_av_p%C3%A4rlor._Kulawi,_Sulawesi._Indonesien_-_SMVK_-_000233.tif"
"Ung_flicka_i_huvudband_kallat_tali_potaja._Sulawesi,_Kulawi._Indonesien_-_SMVK_-_000232","Kaudern, Walter. ""Ung flicka i huvudband kallat tali potaja."" 1918. Photograph, 000232. Walter Kauderns expedition till Celebes (1917–1921), Världskulturmuseet (Museum of World Culture), Gothenburg. https://collections.smvk.se/carlotta-vkm/web/object/113474.","https://commons.wikimedia.org/wiki/File:Ung_flicka_i_huvudband_kallat_tali_potaja._Sulawesi,_Kulawi._Indonesien_-_SMVK_-_000232.tif"
"Byn_Tentena,_Central-Celebes._Sulawesi._Indonesien_-_SMVK_-_000179","Kaudern, Walter. ""Byn Tentena, Central-Celebes."" May 1919. Photograph, 000179. Walter Kauderns expedition till Celebes (1917–1921), Världskulturmuseet (Museum of World Culture), Gothenburg. https://collections.smvk.se/carlotta-vkm/web/object/1330313.","https://commons.wikimedia.org/wiki/File:Byn_Tentena,_Central-Celebes._Sulawesi._Indonesien_-_SMVK_-_000179.tif"
"Alisa_med_ryggkorg._Datum,_Dec._1919._Ort,_Pinapoean._Ost-Celebes._Pinapoean._Indonesien_-_SMVK_-_022186","Kaudern, Walter. ""Alisa med ryggkorg."" December 1919. Photograph, 022186. Walter Kauderns expedition till Celebes (1917–1921), Världskulturmuseet (Museum of World Culture), Gothenburg. https://collections.smvk.se/carlotta-vkm/web/object/1319191.","https://commons.wikimedia.org/wiki/File:Alisa_med_ryggkorg._Datum,_Dec._1919._Ort,_Pinapoean._Ost-Celebes._Pinapoean._Indonesien_-_SMVK_-_022186.tif"
Gammal_kvinna_i_basttygskläder._Hon_bär_på_ett_30-tal_smala_armringar_på_vardera_armen_-_SMVK_-_000238,"Kaudern, Walter. ""Gammal kvinna i basttygskläder."" June 1919. Photograph, 000238. Walter Kauderns expedition till Celebes (1917–1921), Världskulturmuseet (Museum of World Culture), Gothenburg. https://collections.smvk.se/carlotta-vkm/web/object/113397.",https://commons.wikimedia.org/wiki/File:Gammal_kvinna_i_basttygskl%C3%A4der._Hon_b%C3%A4r_p%C3%A5_ett_30-tal_smala_armringar_p%C3%A5_vardera_armen_-_SMVK_-_000238.tif
"Lindoeflicka_med_pärlor_runt_huvudet._Kulawi,_Sulawesi._Indonesien_-_SMVK_-_010772","Kaudern, Walter. [Untitled: girl, portrait]. October 1918. Photograph, 010772. Walter Kauderns expedition till Celebes (1917–1921), Världskulturmuseet (Museum of World Culture), Gothenburg. https://collections.smvk.se/carlotta-vkm/web/object/1887651.","https://commons.wikimedia.org/wiki/File:Lindoeflicka_med_p%C3%A4rlor_runt_huvudet._Kulawi,_Sulawesi._Indonesien_-_SMVK_-_010772.tif"
"Man_vid_namn_Nonto._Toleman._Kulawi,_Sulawesi._Indonesien_-_SMVK_-_010754","Kaudern, Walter. [Untitled: man, portrait]. July 1918. Photograph, 010754. Walter Kauderns expedition till Celebes (1917–1921), Världskulturmuseet (Museum of World Culture), Gothenburg. https://collections.smvk.se/carlotta-vkm/web/object/2558805.","https://commons.wikimedia.org/wiki/File:Man_vid_namn_Nonto._Toleman._Kulawi,_Sulawesi._Indonesien_-_SMVK_-_010754.tif"
"Inföding_vid_namn_Nonto._Toleman._Sulawesi,_Kulawi._Indonesien_-_SMVK_-_000248","Kaudern, Walter. [Untitled: man, portrait]. July 1918. Photograph, 000248. Walter Kauderns expedition till Celebes (1917–1921), Världskulturmuseet (Museum of World Culture), Gothenburg. https://collections.smvk.se/carlotta-vkm/web/object/113400.","https://commons.wikimedia.org/wiki/File:Inf%C3%B6ding_vid_namn_Nonto._Toleman._Sulawesi,_Kulawi._Indonesien_-_SMVK_-_000248.tif"
Mongondouflicka_fr._Boioa_besar._Med_fjäderkrona._Modajag._Indonesien_-_SMVK_-_022197,"Kaudern, Walter. ""Mongondouflicka fr. Boioa besar. Med fjäderkrona."" November 1917. Photograph, 022197. Walter Kauderns expedition till Celebes (1917–1921), Världskulturmuseet (Museum of World Culture), Gothenburg. https://collections.smvk.se/carlotta-vkm/web/object/1319202.",https://commons.wikimedia.org/wiki/File:Mongondouflicka_fr._Boioa_besar._Med_fj%C3%A4derkrona._Modajag._Indonesien_-_SMVK_-_022197.tif
Flickor_från_Palolo_(norr_om_Lindoe-sjön)_-_SMVK_-_010921,"Strandlund, Olof. ""Flickor från Palolo (norr om Lindoe-sjön)."" 1919. Photograph, 010921. Världskulturmuseet (Museum of World Culture), Gothenburg. https://collections.smvk.se/carlotta-vkm/web/object/1887671.",https://commons.wikimedia.org/wiki/File:Flickor_fr%C3%A5n_Palolo_(norr_om_Lindoe-sj%C3%B6n)_-_SMVK_-_010921.tif
"Ega_och_hennes_syster(Folá)_utanför_Loois_hus._(Plåten_full_av_hål)._Sulawesi,_Kulawi._Indonesien_-_SMVK_-_022137","Kaudern, Walter. [Untitled: group portrait]. July 1918. Photograph, 022137. Walter Kauderns expedition till Celebes (1917–1921), Världskulturmuseet (Museum of World Culture), Gothenburg. https://collections.smvk.se/carlotta-vkm/web/object/1319142.","https://commons.wikimedia.org/wiki/File:Ega_och_hennes_syster(Fol%C3%A1)_utanf%C3%B6r_Loois_hus._(Pl%C3%A5ten_full_av_h%C3%A5l)._Sulawesi,_Kulawi._Indonesien_-_SMVK_-_022137.tif"
Kvinnor_från_Gimpoe._Central-Celebes._Sulawesi._Indonesien_-_SMVK_-_000282,"Kaudern, Walter. ""Kvinnor från Gimpoe."" 1918. Photograph, 000282. Walter Kauderns expedition till Celebes (1917–1921), Världskulturmuseet (Museum of World Culture), Gothenburg. https://collections.smvk.se/carlotta-vkm/web/object/1880369.",https://commons.wikimedia.org/wiki/File:Kvinnor_fr%C3%A5n_Gimpoe._Central-Celebes._Sulawesi._Indonesien_-_SMVK_-_000282.tif
Moraego-dans_vid_pasangrahan._Sulawesi._Indonesien_-_SMVK_-_010735b,"Kaudern, Walter. ""Moraego-dans vid pasangrahan."" August 1918. Photograph, 010735b. Walter Kauderns expedition till Celebes (1917–1921), Världskulturmuseet (Museum of World Culture), Gothenburg. https://collections.smvk.se/carlotta-vkm/web/object/2558914.",https://commons.wikimedia.org/wiki/File:Moraego-dans_vid_pasangrahan._Sulawesi._Indonesien_-_SMVK_-_010735b.tif